Document,Model,Evaluation_Mode,Overall_Precision,Overall_Recall,Overall_F1,Total_TP,Total_FP,Total_FN,Total_Gold,Total_Predicted
ALTAY v. TURKEY (No. 2),gemma3:1b,Lenient,0.121,0.044,0.065,4,29,87,91,33
ALTAY v. TURKEY (No. 2),gemma3:1b,Strict,0.061,0.022,0.032,2,31,89,91,33
ALTAY v. TURKEY (No. 2),gemma3:4b,Lenient,0.420,0.231,0.298,21,29,70,91,50
ALTAY v. TURKEY (No. 2),gemma3:4b,Strict,0.300,0.165,0.213,15,35,76,91,50
ALTAY v. TURKEY (No. 2),gemma3:12b,Lenient,0.518,0.319,0.395,29,27,62,91,56
ALTAY v. TURKEY (No. 2),gemma3:12b,Strict,0.286,0.176,0.218,16,40,75,91,56
ALTAY v. TURKEY (No. 2),llama3.3:latest,Lenient,0.463,0.484,0.473,44,51,47,91,95
ALTAY v. TURKEY (No. 2),llama3.3:latest,Strict,0.147,0.154,0.151,14,81,77,91,95
ALTAY v. TURKEY (No. 2),deepseek-r1:8b,Lenient,0.571,0.176,0.269,16,12,75,91,28
ALTAY v. TURKEY (No. 2),deepseek-r1:8b,Strict,0.143,0.044,0.067,4,24,87,91,28
ALTAY v. TURKEY (No. 2),mistral:latest,Lenient,0.250,0.330,0.284,30,90,61,91,120
ALTAY v. TURKEY (No. 2),mistral:latest,Strict,0.175,0.231,0.199,21,99,70,91,120
ALTAY v. TURKEY (No. 2),incept5/llama3.1-claude:latest,Lenient,0.442,0.253,0.322,23,29,68,91,52
ALTAY v. TURKEY (No. 2),incept5/llama3.1-claude:latest,Strict,0.365,0.209,0.266,19,33,72,91,52
ALTAY v. TURKEY (No. 2),chevalblanc/claude-3-haiku:latest,Lenient,0.459,0.374,0.412,34,40,57,91,74
ALTAY v. TURKEY (No. 2),chevalblanc/claude-3-haiku:latest,Strict,0.068,0.055,0.061,5,69,86,91,74
ALTAY v. TURKEY (No. 2),llama4:16x17b,Lenient,0.000,0.000,0.000,0,0,91,91,0
ALTAY v. TURKEY (No. 2),llama4:16x17b,Strict,0.000,0.000,0.000,0,0,91,91,0
ALTAY v. TURKEY (No. 2),mixtral:8x7b,Lenient,0.622,0.253,0.359,23,14,68,91,37
ALTAY v. TURKEY (No. 2),mixtral:8x7b,Strict,0.081,0.033,0.047,3,34,88,91,37
ALTAY v. TURKEY (No. 2),dolphin3:8b,Lenient,0.452,0.154,0.230,14,17,77,91,31
ALTAY v. TURKEY (No. 2),dolphin3:8b,Strict,0.290,0.099,0.148,9,22,82,91,31
ALTAY v. TURKEY (No. 2),dolphin-mixtral:8x7b,Lenient,0.500,0.286,0.364,26,26,65,91,52
ALTAY v. TURKEY (No. 2),dolphin-mixtral:8x7b,Strict,0.250,0.143,0.182,13,39,78,91,52
BELYAYEV AND OTHERS v. UKRAINE,gemma3:1b,Lenient,0.222,0.146,0.176,6,21,35,41,27
BELYAYEV AND OTHERS v. UKRAINE,gemma3:1b,Strict,0.111,0.073,0.088,3,24,38,41,27
BELYAYEV AND OTHERS v. UKRAINE,gemma3:4b,Lenient,0.125,0.049,0.070,2,14,39,41,16
BELYAYEV AND OTHERS v. UKRAINE,gemma3:4b,Strict,0.000,0.000,0.000,0,16,41,41,16
BELYAYEV AND OTHERS v. UKRAINE,gemma3:12b,Lenient,0.235,0.293,0.261,12,39,29,41,51
BELYAYEV AND OTHERS v. UKRAINE,gemma3:12b,Strict,0.196,0.244,0.217,10,41,31,41,51
BELYAYEV AND OTHERS v. UKRAINE,llama3.3:latest,Lenient,0.286,0.146,0.194,6,15,35,41,21
BELYAYEV AND OTHERS v. UKRAINE,llama3.3:latest,Strict,0.238,0.122,0.161,5,16,36,41,21
BELYAYEV AND OTHERS v. UKRAINE,deepseek-r1:8b,Lenient,0.143,0.049,0.073,2,12,39,41,14
BELYAYEV AND OTHERS v. UKRAINE,deepseek-r1:8b,Strict,0.071,0.024,0.036,1,13,40,41,14
BELYAYEV AND OTHERS v. UKRAINE,mistral:latest,Lenient,0.136,0.195,0.160,8,51,33,41,59
BELYAYEV AND OTHERS v. UKRAINE,mistral:latest,Strict,0.051,0.073,0.060,3,56,38,41,59
BELYAYEV AND OTHERS v. UKRAINE,incept5/llama3.1-claude:latest,Lenient,0.200,0.073,0.107,3,12,38,41,15
BELYAYEV AND OTHERS v. UKRAINE,incept5/llama3.1-claude:latest,Strict,0.200,0.073,0.107,3,12,38,41,15
BELYAYEV AND OTHERS v. UKRAINE,chevalblanc/claude-3-haiku:latest,Lenient,0.100,0.024,0.039,1,9,40,41,10
BELYAYEV AND OTHERS v. UKRAINE,chevalblanc/claude-3-haiku:latest,Strict,0.100,0.024,0.039,1,9,40,41,10
BELYAYEV AND OTHERS v. UKRAINE,llama4:16x17b,Lenient,0.000,0.000,0.000,0,0,41,41,0
BELYAYEV AND OTHERS v. UKRAINE,llama4:16x17b,Strict,0.000,0.000,0.000,0,0,41,41,0
BELYAYEV AND OTHERS v. UKRAINE,mixtral:8x7b,Lenient,0.200,0.049,0.078,2,8,39,41,10
BELYAYEV AND OTHERS v. UKRAINE,mixtral:8x7b,Strict,0.100,0.024,0.039,1,9,40,41,10
BELYAYEV AND OTHERS v. UKRAINE,dolphin3:8b,Lenient,0.400,0.146,0.214,6,9,35,41,15
BELYAYEV AND OTHERS v. UKRAINE,dolphin3:8b,Strict,0.067,0.024,0.036,1,14,40,41,15
BELYAYEV AND OTHERS v. UKRAINE,dolphin-mixtral:8x7b,Lenient,0.235,0.098,0.138,4,13,37,41,17
BELYAYEV AND OTHERS v. UKRAINE,dolphin-mixtral:8x7b,Strict,0.000,0.000,0.000,0,17,41,41,17
BIGUN v. UKRAINE,gemma3:1b,Lenient,1.000,0.035,0.068,2,0,55,57,2
BIGUN v. UKRAINE,gemma3:1b,Strict,1.000,0.035,0.068,2,0,55,57,2
BIGUN v. UKRAINE,gemma3:4b,Lenient,0.217,0.175,0.194,10,36,47,57,46
BIGUN v. UKRAINE,gemma3:4b,Strict,0.152,0.123,0.136,7,39,50,57,46
BIGUN v. UKRAINE,gemma3:12b,Lenient,0.280,0.246,0.262,14,36,43,57,50
BIGUN v. UKRAINE,gemma3:12b,Strict,0.140,0.123,0.131,7,43,50,57,50
BIGUN v. UKRAINE,llama3.3:latest,Lenient,0.491,0.456,0.473,26,27,31,57,53
BIGUN v. UKRAINE,llama3.3:latest,Strict,0.245,0.228,0.236,13,40,44,57,53
BIGUN v. UKRAINE,deepseek-r1:8b,Lenient,0.417,0.351,0.381,20,28,37,57,48
BIGUN v. UKRAINE,deepseek-r1:8b,Strict,0.208,0.175,0.190,10,38,47,57,48
BIGUN v. UKRAINE,mistral:latest,Lenient,0.236,0.368,0.288,21,68,36,57,89
BIGUN v. UKRAINE,mistral:latest,Strict,0.180,0.281,0.219,16,73,41,57,89
BIGUN v. UKRAINE,incept5/llama3.1-claude:latest,Lenient,0.151,0.281,0.196,16,90,41,57,106
BIGUN v. UKRAINE,incept5/llama3.1-claude:latest,Strict,0.113,0.211,0.147,12,94,45,57,106
BIGUN v. UKRAINE,chevalblanc/claude-3-haiku:latest,Lenient,0.273,0.105,0.152,6,16,51,57,22
BIGUN v. UKRAINE,chevalblanc/claude-3-haiku:latest,Strict,0.091,0.035,0.051,2,20,55,57,22
BIGUN v. UKRAINE,llama4:16x17b,Lenient,0.000,0.000,0.000,0,0,57,57,0
BIGUN v. UKRAINE,llama4:16x17b,Strict,0.000,0.000,0.000,0,0,57,57,0
BIGUN v. UKRAINE,mixtral:8x7b,Lenient,0.412,0.123,0.189,7,10,50,57,17
BIGUN v. UKRAINE,mixtral:8x7b,Strict,0.118,0.035,0.054,2,15,55,57,17
BIGUN v. UKRAINE,dolphin3:8b,Lenient,0.269,0.246,0.257,14,38,43,57,52
BIGUN v. UKRAINE,dolphin3:8b,Strict,0.192,0.175,0.183,10,42,47,57,52
BIGUN v. UKRAINE,dolphin-mixtral:8x7b,Lenient,0.478,0.193,0.275,11,12,46,57,23
BIGUN v. UKRAINE,dolphin-mixtral:8x7b,Strict,0.217,0.088,0.125,5,18,52,57,23
CABUCAK v. GERMANY,gemma3:1b,Lenient,0.051,0.019,0.027,3,56,159,162,59
CABUCAK v. GERMANY,gemma3:1b,Strict,0.034,0.012,0.018,2,57,160,162,59
CABUCAK v. GERMANY,gemma3:4b,Lenient,0.312,0.062,0.103,10,22,152,162,32
CABUCAK v. GERMANY,gemma3:4b,Strict,0.219,0.043,0.072,7,25,155,162,32
CABUCAK v. GERMANY,gemma3:12b,Lenient,0.635,0.290,0.398,47,27,115,162,74
CABUCAK v. GERMANY,gemma3:12b,Strict,0.446,0.204,0.280,33,41,129,162,74
CABUCAK v. GERMANY,llama3.3:latest,Lenient,0.000,0.000,0.000,0,0,162,162,0
CABUCAK v. GERMANY,llama3.3:latest,Strict,0.000,0.000,0.000,0,0,162,162,0
CABUCAK v. GERMANY,deepseek-r1:8b,Lenient,0.625,0.093,0.161,15,9,147,162,24
CABUCAK v. GERMANY,deepseek-r1:8b,Strict,0.333,0.049,0.086,8,16,154,162,24
CABUCAK v. GERMANY,mistral:latest,Lenient,0.263,0.278,0.270,45,126,117,162,171
CABUCAK v. GERMANY,mistral:latest,Strict,0.181,0.191,0.186,31,140,131,162,171
CABUCAK v. GERMANY,incept5/llama3.1-claude:latest,Lenient,0.411,0.185,0.255,30,43,132,162,73
CABUCAK v. GERMANY,incept5/llama3.1-claude:latest,Strict,0.301,0.136,0.187,22,51,140,162,73
CABUCAK v. GERMANY,chevalblanc/claude-3-haiku:latest,Lenient,0.273,0.019,0.035,3,8,159,162,11
CABUCAK v. GERMANY,chevalblanc/claude-3-haiku:latest,Strict,0.091,0.006,0.012,1,10,161,162,11
CABUCAK v. GERMANY,llama4:16x17b,Lenient,0.000,0.000,0.000,0,0,162,162,0
CABUCAK v. GERMANY,llama4:16x17b,Strict,0.000,0.000,0.000,0,0,162,162,0
CABUCAK v. GERMANY,mixtral:8x7b,Lenient,0.643,0.222,0.330,36,20,126,162,56
CABUCAK v. GERMANY,mixtral:8x7b,Strict,0.232,0.080,0.119,13,43,149,162,56
CABUCAK v. GERMANY,dolphin3:8b,Lenient,0.000,0.000,0.000,0,0,162,162,0
CABUCAK v. GERMANY,dolphin3:8b,Strict,0.000,0.000,0.000,0,0,162,162,0
CABUCAK v. GERMANY,dolphin-mixtral:8x7b,Lenient,0.720,0.111,0.193,18,7,144,162,25
CABUCAK v. GERMANY,dolphin-mixtral:8x7b,Strict,0.400,0.062,0.107,10,15,152,162,25
CAN v. TURKEY,gemma3:1b,Lenient,0.379,0.172,0.237,11,18,53,64,29
CAN v. TURKEY,gemma3:1b,Strict,0.276,0.125,0.172,8,21,56,64,29
CAN v. TURKEY,gemma3:4b,Lenient,0.582,0.500,0.538,32,23,32,64,55
CAN v. TURKEY,gemma3:4b,Strict,0.473,0.406,0.437,26,29,38,64,55
CAN v. TURKEY,gemma3:12b,Lenient,0.612,0.641,0.626,41,26,23,64,67
CAN v. TURKEY,gemma3:12b,Strict,0.358,0.375,0.366,24,43,40,64,67
CAN v. TURKEY,llama3.3:latest,Lenient,0.657,0.688,0.672,44,23,20,64,67
CAN v. TURKEY,llama3.3:latest,Strict,0.269,0.281,0.275,18,49,46,64,67
CAN v. TURKEY,deepseek-r1:8b,Lenient,0.667,0.469,0.550,30,15,34,64,45
CAN v. TURKEY,deepseek-r1:8b,Strict,0.267,0.188,0.220,12,33,52,64,45
CAN v. TURKEY,mistral:latest,Lenient,0.475,0.594,0.528,38,42,26,64,80
CAN v. TURKEY,mistral:latest,Strict,0.325,0.406,0.361,26,54,38,64,80
CAN v. TURKEY,incept5/llama3.1-claude:latest,Lenient,0.659,0.422,0.514,27,14,37,64,41
CAN v. TURKEY,incept5/llama3.1-claude:latest,Strict,0.268,0.172,0.210,11,30,53,64,41
CAN v. TURKEY,chevalblanc/claude-3-haiku:latest,Lenient,0.611,0.516,0.559,33,21,31,64,54
CAN v. TURKEY,chevalblanc/claude-3-haiku:latest,Strict,0.222,0.188,0.203,12,42,52,64,54
CAN v. TURKEY,llama4:16x17b,Lenient,0.000,0.000,0.000,0,3,64,64,3
CAN v. TURKEY,llama4:16x17b,Strict,0.000,0.000,0.000,0,3,64,64,3
CAN v. TURKEY,mixtral:8x7b,Lenient,0.667,0.250,0.364,16,8,48,64,24
CAN v. TURKEY,mixtral:8x7b,Strict,0.250,0.094,0.136,6,18,58,64,24
CAN v. TURKEY,dolphin3:8b,Lenient,0.625,0.234,0.341,15,9,49,64,24
CAN v. TURKEY,dolphin3:8b,Strict,0.250,0.094,0.136,6,18,58,64,24
CAN v. TURKEY,dolphin-mixtral:8x7b,Lenient,0.706,0.562,0.626,36,15,28,64,51
CAN v. TURKEY,dolphin-mixtral:8x7b,Strict,0.196,0.156,0.174,10,41,54,64,51
CRISTIAN CATALIN UNGUREANU v. ROMANIA,gemma3:1b,Lenient,0.367,0.209,0.267,18,31,68,86,49
CRISTIAN CATALIN UNGUREANU v. ROMANIA,gemma3:1b,Strict,0.204,0.116,0.148,10,39,76,86,49
CRISTIAN CATALIN UNGUREANU v. ROMANIA,gemma3:4b,Lenient,0.261,0.070,0.110,6,17,80,86,23
CRISTIAN CATALIN UNGUREANU v. ROMANIA,gemma3:4b,Strict,0.261,0.070,0.110,6,17,80,86,23
CRISTIAN CATALIN UNGUREANU v. ROMANIA,gemma3:12b,Lenient,0.429,0.384,0.405,33,44,53,86,77
CRISTIAN CATALIN UNGUREANU v. ROMANIA,gemma3:12b,Strict,0.273,0.244,0.258,21,56,65,86,77
CRISTIAN CATALIN UNGUREANU v. ROMANIA,llama3.3:latest,Lenient,0.587,0.314,0.409,27,19,59,86,46
CRISTIAN CATALIN UNGUREANU v. ROMANIA,llama3.3:latest,Strict,0.478,0.256,0.333,22,24,64,86,46
CRISTIAN CATALIN UNGUREANU v. ROMANIA,deepseek-r1:8b,Lenient,0.516,0.186,0.274,16,15,70,86,31
CRISTIAN CATALIN UNGUREANU v. ROMANIA,deepseek-r1:8b,Strict,0.194,0.070,0.103,6,25,80,86,31
CRISTIAN CATALIN UNGUREANU v. ROMANIA,mistral:latest,Lenient,0.356,0.372,0.364,32,58,54,86,90
CRISTIAN CATALIN UNGUREANU v. ROMANIA,mistral:latest,Strict,0.267,0.279,0.273,24,66,62,86,90
CRISTIAN CATALIN UNGUREANU v. ROMANIA,incept5/llama3.1-claude:latest,Lenient,0.377,0.302,0.335,26,43,60,86,69
CRISTIAN CATALIN UNGUREANU v. ROMANIA,incept5/llama3.1-claude:latest,Strict,0.203,0.163,0.181,14,55,72,86,69
CRISTIAN CATALIN UNGUREANU v. ROMANIA,chevalblanc/claude-3-haiku:latest,Lenient,0.619,0.151,0.243,13,8,73,86,21
CRISTIAN CATALIN UNGUREANU v. ROMANIA,chevalblanc/claude-3-haiku:latest,Strict,0.238,0.058,0.093,5,16,81,86,21
CRISTIAN CATALIN UNGUREANU v. ROMANIA,llama4:16x17b,Lenient,0.571,0.047,0.086,4,3,82,86,7
CRISTIAN CATALIN UNGUREANU v. ROMANIA,llama4:16x17b,Strict,0.429,0.035,0.065,3,4,83,86,7
CRISTIAN CATALIN UNGUREANU v. ROMANIA,mixtral:8x7b,Lenient,0.609,0.163,0.257,14,9,72,86,23
CRISTIAN CATALIN UNGUREANU v. ROMANIA,mixtral:8x7b,Strict,0.130,0.035,0.055,3,20,83,86,23
CRISTIAN CATALIN UNGUREANU v. ROMANIA,dolphin3:8b,Lenient,0.765,0.151,0.252,13,4,73,86,17
CRISTIAN CATALIN UNGUREANU v. ROMANIA,dolphin3:8b,Strict,0.353,0.070,0.117,6,11,80,86,17
CRISTIAN CATALIN UNGUREANU v. ROMANIA,dolphin-mixtral:8x7b,Lenient,0.000,0.000,0.000,0,0,86,86,0
CRISTIAN CATALIN UNGUREANU v. ROMANIA,dolphin-mixtral:8x7b,Strict,0.000,0.000,0.000,0,0,86,86,0
DOKTOROV v. BULGARIA,gemma3:1b,Lenient,0.262,0.239,0.250,11,31,35,46,42
DOKTOROV v. BULGARIA,gemma3:1b,Strict,0.214,0.196,0.205,9,33,37,46,42
DOKTOROV v. BULGARIA,gemma3:4b,Lenient,0.333,0.217,0.263,10,20,36,46,30
DOKTOROV v. BULGARIA,gemma3:4b,Strict,0.200,0.130,0.158,6,24,40,46,30
DOKTOROV v. BULGARIA,gemma3:12b,Lenient,0.410,0.348,0.376,16,23,30,46,39
DOKTOROV v. BULGARIA,gemma3:12b,Strict,0.128,0.109,0.118,5,34,41,46,39
DOKTOROV v. BULGARIA,llama3.3:latest,Lenient,0.655,0.413,0.507,19,10,27,46,29
DOKTOROV v. BULGARIA,llama3.3:latest,Strict,0.276,0.174,0.213,8,21,38,46,29
DOKTOROV v. BULGARIA,deepseek-r1:8b,Lenient,0.296,0.174,0.219,8,19,38,46,27
DOKTOROV v. BULGARIA,deepseek-r1:8b,Strict,0.148,0.087,0.110,4,23,42,46,27
DOKTOROV v. BULGARIA,mistral:latest,Lenient,0.311,0.413,0.355,19,42,27,46,61
DOKTOROV v. BULGARIA,mistral:latest,Strict,0.213,0.283,0.243,13,48,33,46,61
DOKTOROV v. BULGARIA,incept5/llama3.1-claude:latest,Lenient,0.439,0.391,0.414,18,23,28,46,41
DOKTOROV v. BULGARIA,incept5/llama3.1-claude:latest,Strict,0.366,0.326,0.345,15,26,31,46,41
DOKTOROV v. BULGARIA,chevalblanc/claude-3-haiku:latest,Lenient,0.667,0.130,0.218,6,3,40,46,9
DOKTOROV v. BULGARIA,chevalblanc/claude-3-haiku:latest,Strict,0.111,0.022,0.036,1,8,45,46,9
DOKTOROV v. BULGARIA,llama4:16x17b,Lenient,0.333,0.065,0.109,3,6,43,46,9
DOKTOROV v. BULGARIA,llama4:16x17b,Strict,0.333,0.065,0.109,3,6,43,46,9
DOKTOROV v. BULGARIA,mixtral:8x7b,Lenient,0.357,0.109,0.167,5,9,41,46,14
DOKTOROV v. BULGARIA,mixtral:8x7b,Strict,0.071,0.022,0.033,1,13,45,46,14
DOKTOROV v. BULGARIA,dolphin3:8b,Lenient,0.615,0.174,0.271,8,5,38,46,13
DOKTOROV v. BULGARIA,dolphin3:8b,Strict,0.462,0.130,0.203,6,7,40,46,13
DOKTOROV v. BULGARIA,dolphin-mixtral:8x7b,Lenient,0.000,0.000,0.000,0,0,46,46,0
DOKTOROV v. BULGARIA,dolphin-mixtral:8x7b,Strict,0.000,0.000,0.000,0,0,46,46,0
EGILL EINARSSON v. ICELAND (No. 2),gemma3:1b,Lenient,0.000,0.000,0.000,0,0,55,55,0
EGILL EINARSSON v. ICELAND (No. 2),gemma3:1b,Strict,0.000,0.000,0.000,0,0,55,55,0
EGILL EINARSSON v. ICELAND (No. 2),gemma3:4b,Lenient,0.500,0.127,0.203,7,7,48,55,14
EGILL EINARSSON v. ICELAND (No. 2),gemma3:4b,Strict,0.214,0.055,0.087,3,11,52,55,14
EGILL EINARSSON v. ICELAND (No. 2),gemma3:12b,Lenient,0.559,0.345,0.427,19,15,36,55,34
EGILL EINARSSON v. ICELAND (No. 2),gemma3:12b,Strict,0.324,0.200,0.247,11,23,44,55,34
EGILL EINARSSON v. ICELAND (No. 2),llama3.3:latest,Lenient,0.525,0.582,0.552,32,29,23,55,61
EGILL EINARSSON v. ICELAND (No. 2),llama3.3:latest,Strict,0.230,0.255,0.241,14,47,41,55,61
EGILL EINARSSON v. ICELAND (No. 2),deepseek-r1:8b,Lenient,0.667,0.291,0.405,16,8,39,55,24
EGILL EINARSSON v. ICELAND (No. 2),deepseek-r1:8b,Strict,0.250,0.109,0.152,6,18,49,55,24
EGILL EINARSSON v. ICELAND (No. 2),mistral:latest,Lenient,0.315,0.509,0.389,28,61,27,55,89
EGILL EINARSSON v. ICELAND (No. 2),mistral:latest,Strict,0.236,0.382,0.292,21,68,34,55,89
EGILL EINARSSON v. ICELAND (No. 2),incept5/llama3.1-claude:latest,Lenient,0.000,0.000,0.000,0,0,55,55,0
EGILL EINARSSON v. ICELAND (No. 2),incept5/llama3.1-claude:latest,Strict,0.000,0.000,0.000,0,0,55,55,0
EGILL EINARSSON v. ICELAND (No. 2),chevalblanc/claude-3-haiku:latest,Lenient,0.588,0.182,0.278,10,7,45,55,17
EGILL EINARSSON v. ICELAND (No. 2),chevalblanc/claude-3-haiku:latest,Strict,0.353,0.109,0.167,6,11,49,55,17
EGILL EINARSSON v. ICELAND (No. 2),llama4:16x17b,Lenient,0.000,0.000,0.000,0,0,55,55,0
EGILL EINARSSON v. ICELAND (No. 2),llama4:16x17b,Strict,0.000,0.000,0.000,0,0,55,55,0
EGILL EINARSSON v. ICELAND (No. 2),mixtral:8x7b,Lenient,0.629,0.400,0.489,22,13,33,55,35
EGILL EINARSSON v. ICELAND (No. 2),mixtral:8x7b,Strict,0.114,0.073,0.089,4,31,51,55,35
EGILL EINARSSON v. ICELAND (No. 2),dolphin3:8b,Lenient,0.450,0.164,0.240,9,11,46,55,20
EGILL EINARSSON v. ICELAND (No. 2),dolphin3:8b,Strict,0.300,0.109,0.160,6,14,49,55,20
EGILL EINARSSON v. ICELAND (No. 2),dolphin-mixtral:8x7b,Lenient,0.346,0.164,0.222,9,17,46,55,26
EGILL EINARSSON v. ICELAND (No. 2),dolphin-mixtral:8x7b,Strict,0.308,0.145,0.198,8,18,47,55,26
H_INESS v. NORWAY (1),gemma3:1b,Lenient,0.000,0.000,0.000,0,0,127,127,0
H_INESS v. NORWAY (1),gemma3:1b,Strict,0.000,0.000,0.000,0,0,127,127,0
H_INESS v. NORWAY (1),gemma3:4b,Lenient,0.300,0.047,0.082,6,14,121,127,20
H_INESS v. NORWAY (1),gemma3:4b,Strict,0.150,0.024,0.041,3,17,124,127,20
H_INESS v. NORWAY (1),gemma3:12b,Lenient,0.570,0.354,0.437,45,34,82,127,79
H_INESS v. NORWAY (1),gemma3:12b,Strict,0.380,0.236,0.291,30,49,97,127,79
H_INESS v. NORWAY (1),llama3.3:latest,Lenient,0.667,0.016,0.031,2,1,125,127,3
H_INESS v. NORWAY (1),llama3.3:latest,Strict,0.667,0.016,0.031,2,1,125,127,3
H_INESS v. NORWAY (1),deepseek-r1:8b,Lenient,0.710,0.173,0.278,22,9,105,127,31
H_INESS v. NORWAY (1),deepseek-r1:8b,Strict,0.290,0.071,0.114,9,22,118,127,31
H_INESS v. NORWAY (1),mistral:latest,Lenient,0.280,0.205,0.236,26,67,101,127,93
H_INESS v. NORWAY (1),mistral:latest,Strict,0.172,0.126,0.145,16,77,111,127,93
H_INESS v. NORWAY (1),incept5/llama3.1-claude:latest,Lenient,0.438,0.055,0.098,7,9,120,127,16
H_INESS v. NORWAY (1),incept5/llama3.1-claude:latest,Strict,0.250,0.031,0.056,4,12,123,127,16
H_INESS v. NORWAY (1),chevalblanc/claude-3-haiku:latest,Lenient,0.467,0.055,0.099,7,8,120,127,15
H_INESS v. NORWAY (1),chevalblanc/claude-3-haiku:latest,Strict,0.200,0.024,0.042,3,12,124,127,15
H_INESS v. NORWAY (1),llama4:16x17b,Lenient,0.000,0.000,0.000,0,0,127,127,0
H_INESS v. NORWAY (1),llama4:16x17b,Strict,0.000,0.000,0.000,0,0,127,127,0
H_INESS v. NORWAY (1),mixtral:8x7b,Lenient,0.286,0.016,0.030,2,5,125,127,7
H_INESS v. NORWAY (1),mixtral:8x7b,Strict,0.143,0.008,0.015,1,6,126,127,7
H_INESS v. NORWAY (1),dolphin3:8b,Lenient,0.263,0.039,0.068,5,14,122,127,19
H_INESS v. NORWAY (1),dolphin3:8b,Strict,0.158,0.024,0.041,3,16,124,127,19
H_INESS v. NORWAY (1),dolphin-mixtral:8x7b,Lenient,0.600,0.047,0.088,6,4,121,127,10
H_INESS v. NORWAY (1),dolphin-mixtral:8x7b,Strict,0.600,0.047,0.088,6,4,121,127,10
KOSAITE - CYPIENE AND OTHERS v. LITHUANIA,gemma3:1b,Lenient,0.750,0.020,0.039,3,1,145,148,4
KOSAITE - CYPIENE AND OTHERS v. LITHUANIA,gemma3:1b,Strict,0.500,0.014,0.026,2,2,146,148,4
KOSAITE - CYPIENE AND OTHERS v. LITHUANIA,gemma3:4b,Lenient,0.625,0.034,0.064,5,3,143,148,8
KOSAITE - CYPIENE AND OTHERS v. LITHUANIA,gemma3:4b,Strict,0.250,0.014,0.026,2,6,146,148,8
KOSAITE - CYPIENE AND OTHERS v. LITHUANIA,gemma3:12b,Lenient,0.750,0.020,0.039,3,1,145,148,4
KOSAITE - CYPIENE AND OTHERS v. LITHUANIA,gemma3:12b,Strict,0.750,0.020,0.039,3,1,145,148,4
KOSAITE - CYPIENE AND OTHERS v. LITHUANIA,llama3.3:latest,Lenient,0.000,0.000,0.000,0,0,148,148,0
KOSAITE - CYPIENE AND OTHERS v. LITHUANIA,llama3.3:latest,Strict,0.000,0.000,0.000,0,0,148,148,0
KOSAITE - CYPIENE AND OTHERS v. LITHUANIA,deepseek-r1:8b,Lenient,0.255,0.088,0.131,13,38,135,148,51
KOSAITE - CYPIENE AND OTHERS v. LITHUANIA,deepseek-r1:8b,Strict,0.118,0.041,0.060,6,45,142,148,51
KOSAITE - CYPIENE AND OTHERS v. LITHUANIA,mistral:latest,Lenient,0.275,0.203,0.233,30,79,118,148,109
KOSAITE - CYPIENE AND OTHERS v. LITHUANIA,mistral:latest,Strict,0.220,0.162,0.187,24,85,124,148,109
KOSAITE - CYPIENE AND OTHERS v. LITHUANIA,incept5/llama3.1-claude:latest,Lenient,0.413,0.128,0.196,19,27,129,148,46
KOSAITE - CYPIENE AND OTHERS v. LITHUANIA,incept5/llama3.1-claude:latest,Strict,0.304,0.095,0.144,14,32,134,148,46
KOSAITE - CYPIENE AND OTHERS v. LITHUANIA,chevalblanc/claude-3-haiku:latest,Lenient,0.476,0.068,0.118,10,11,138,148,21
KOSAITE - CYPIENE AND OTHERS v. LITHUANIA,chevalblanc/claude-3-haiku:latest,Strict,0.238,0.034,0.059,5,16,143,148,21
KOSAITE - CYPIENE AND OTHERS v. LITHUANIA,llama4:16x17b,Lenient,0.000,0.000,0.000,0,0,148,148,0
KOSAITE - CYPIENE AND OTHERS v. LITHUANIA,llama4:16x17b,Strict,0.000,0.000,0.000,0,0,148,148,0
KOSAITE - CYPIENE AND OTHERS v. LITHUANIA,mixtral:8x7b,Lenient,0.600,0.020,0.039,3,2,145,148,5
KOSAITE - CYPIENE AND OTHERS v. LITHUANIA,mixtral:8x7b,Strict,0.400,0.014,0.026,2,3,146,148,5
KOSAITE - CYPIENE AND OTHERS v. LITHUANIA,dolphin3:8b,Lenient,0.333,0.027,0.050,4,8,144,148,12
KOSAITE - CYPIENE AND OTHERS v. LITHUANIA,dolphin3:8b,Strict,0.167,0.014,0.025,2,10,146,148,12
KOSAITE - CYPIENE AND OTHERS v. LITHUANIA,dolphin-mixtral:8x7b,Lenient,0.350,0.047,0.083,7,13,141,148,20
KOSAITE - CYPIENE AND OTHERS v. LITHUANIA,dolphin-mixtral:8x7b,Strict,0.050,0.007,0.012,1,19,147,148,20
LOZOVYYE v. RUSSIA,gemma3:1b,Lenient,0.306,0.205,0.246,15,34,58,73,49
LOZOVYYE v. RUSSIA,gemma3:1b,Strict,0.102,0.068,0.082,5,44,68,73,49
LOZOVYYE v. RUSSIA,gemma3:4b,Lenient,0.577,0.411,0.480,30,22,43,73,52
LOZOVYYE v. RUSSIA,gemma3:4b,Strict,0.308,0.219,0.256,16,36,57,73,52
LOZOVYYE v. RUSSIA,gemma3:12b,Lenient,0.583,0.384,0.463,28,20,45,73,48
LOZOVYYE v. RUSSIA,gemma3:12b,Strict,0.250,0.164,0.198,12,36,61,73,48
LOZOVYYE v. RUSSIA,llama3.3:latest,Lenient,0.644,0.521,0.576,38,21,35,73,59
LOZOVYYE v. RUSSIA,llama3.3:latest,Strict,0.203,0.164,0.182,12,47,61,73,59
LOZOVYYE v. RUSSIA,deepseek-r1:8b,Lenient,0.490,0.342,0.403,25,26,48,73,51
LOZOVYYE v. RUSSIA,deepseek-r1:8b,Strict,0.176,0.123,0.145,9,42,64,73,51
LOZOVYYE v. RUSSIA,mistral:latest,Lenient,0.487,0.521,0.503,38,40,35,73,78
LOZOVYYE v. RUSSIA,mistral:latest,Strict,0.308,0.329,0.318,24,54,49,73,78
LOZOVYYE v. RUSSIA,incept5/llama3.1-claude:latest,Lenient,0.571,0.274,0.370,20,15,53,73,35
LOZOVYYE v. RUSSIA,incept5/llama3.1-claude:latest,Strict,0.371,0.178,0.241,13,22,60,73,35
LOZOVYYE v. RUSSIA,chevalblanc/claude-3-haiku:latest,Lenient,0.581,0.247,0.346,18,13,55,73,31
LOZOVYYE v. RUSSIA,chevalblanc/claude-3-haiku:latest,Strict,0.323,0.137,0.192,10,21,63,73,31
LOZOVYYE v. RUSSIA,llama4:16x17b,Lenient,0.000,0.000,0.000,0,0,73,73,0
LOZOVYYE v. RUSSIA,llama4:16x17b,Strict,0.000,0.000,0.000,0,0,73,73,0
LOZOVYYE v. RUSSIA,mixtral:8x7b,Lenient,0.222,0.027,0.049,2,7,71,73,9
LOZOVYYE v. RUSSIA,mixtral:8x7b,Strict,0.111,0.014,0.024,1,8,72,73,9
LOZOVYYE v. RUSSIA,dolphin3:8b,Lenient,0.462,0.082,0.140,6,7,67,73,13
LOZOVYYE v. RUSSIA,dolphin3:8b,Strict,0.308,0.055,0.093,4,9,69,73,13
LOZOVYYE v. RUSSIA,dolphin-mixtral:8x7b,Lenient,0.625,0.068,0.123,5,3,68,73,8
LOZOVYYE v. RUSSIA,dolphin-mixtral:8x7b,Strict,0.375,0.041,0.074,3,5,70,73,8
M.T. v. UKRAINE,gemma3:1b,Lenient,0.279,0.211,0.240,12,31,45,57,43
M.T. v. UKRAINE,gemma3:1b,Strict,0.209,0.158,0.180,9,34,48,57,43
M.T. v. UKRAINE,gemma3:4b,Lenient,0.365,0.333,0.349,19,33,38,57,52
M.T. v. UKRAINE,gemma3:4b,Strict,0.269,0.246,0.257,14,38,43,57,52
M.T. v. UKRAINE,gemma3:12b,Lenient,0.548,0.298,0.386,17,14,40,57,31
M.T. v. UKRAINE,gemma3:12b,Strict,0.323,0.175,0.227,10,21,47,57,31
M.T. v. UKRAINE,llama3.3:latest,Lenient,0.533,0.281,0.368,16,14,41,57,30
M.T. v. UKRAINE,llama3.3:latest,Strict,0.233,0.123,0.161,7,23,50,57,30
M.T. v. UKRAINE,deepseek-r1:8b,Lenient,0.267,0.070,0.111,4,11,53,57,15
M.T. v. UKRAINE,deepseek-r1:8b,Strict,0.133,0.035,0.056,2,13,55,57,15
M.T. v. UKRAINE,mistral:latest,Lenient,0.364,0.421,0.390,24,42,33,57,66
M.T. v. UKRAINE,mistral:latest,Strict,0.242,0.281,0.260,16,50,41,57,66
M.T. v. UKRAINE,incept5/llama3.1-claude:latest,Lenient,0.439,0.316,0.367,18,23,39,57,41
M.T. v. UKRAINE,incept5/llama3.1-claude:latest,Strict,0.268,0.193,0.224,11,30,46,57,41
M.T. v. UKRAINE,chevalblanc/claude-3-haiku:latest,Lenient,0.667,0.140,0.232,8,4,49,57,12
M.T. v. UKRAINE,chevalblanc/claude-3-haiku:latest,Strict,0.500,0.105,0.174,6,6,51,57,12
M.T. v. UKRAINE,llama4:16x17b,Lenient,0.000,0.000,0.000,0,2,57,57,2
M.T. v. UKRAINE,llama4:16x17b,Strict,0.000,0.000,0.000,0,2,57,57,2
M.T. v. UKRAINE,mixtral:8x7b,Lenient,0.800,0.351,0.488,20,5,37,57,25
M.T. v. UKRAINE,mixtral:8x7b,Strict,0.360,0.158,0.220,9,16,48,57,25
M.T. v. UKRAINE,dolphin3:8b,Lenient,0.455,0.088,0.147,5,6,52,57,11
M.T. v. UKRAINE,dolphin3:8b,Strict,0.182,0.035,0.059,2,9,55,57,11
M.T. v. UKRAINE,dolphin-mixtral:8x7b,Lenient,0.000,0.000,0.000,0,0,57,57,0
M.T. v. UKRAINE,dolphin-mixtral:8x7b,Strict,0.000,0.000,0.000,0,0,57,57,0
MOSKALEV v. RUSSIA,gemma3:1b,Lenient,0.200,0.159,0.177,7,28,37,44,35
MOSKALEV v. RUSSIA,gemma3:1b,Strict,0.171,0.136,0.152,6,29,38,44,35
MOSKALEV v. RUSSIA,gemma3:4b,Lenient,0.380,0.432,0.404,19,31,25,44,50
MOSKALEV v. RUSSIA,gemma3:4b,Strict,0.260,0.295,0.277,13,37,31,44,50
MOSKALEV v. RUSSIA,gemma3:12b,Lenient,0.533,0.364,0.432,16,14,28,44,30
MOSKALEV v. RUSSIA,gemma3:12b,Strict,0.233,0.159,0.189,7,23,37,44,30
MOSKALEV v. RUSSIA,llama3.3:latest,Lenient,0.551,0.614,0.581,27,22,17,44,49
MOSKALEV v. RUSSIA,llama3.3:latest,Strict,0.245,0.273,0.258,12,37,32,44,49
MOSKALEV v. RUSSIA,deepseek-r1:8b,Lenient,0.070,0.159,0.097,7,93,37,44,100
MOSKALEV v. RUSSIA,deepseek-r1:8b,Strict,0.020,0.045,0.028,2,98,42,44,100
MOSKALEV v. RUSSIA,mistral:latest,Lenient,0.265,0.500,0.346,22,61,22,44,83
MOSKALEV v. RUSSIA,mistral:latest,Strict,0.157,0.295,0.205,13,70,31,44,83
MOSKALEV v. RUSSIA,incept5/llama3.1-claude:latest,Lenient,0.531,0.386,0.447,17,15,27,44,32
MOSKALEV v. RUSSIA,incept5/llama3.1-claude:latest,Strict,0.438,0.318,0.368,14,18,30,44,32
MOSKALEV v. RUSSIA,chevalblanc/claude-3-haiku:latest,Lenient,0.682,0.341,0.455,15,7,29,44,22
MOSKALEV v. RUSSIA,chevalblanc/claude-3-haiku:latest,Strict,0.182,0.091,0.121,4,18,40,44,22
MOSKALEV v. RUSSIA,llama4:16x17b,Lenient,0.000,0.000,0.000,0,3,44,44,3
MOSKALEV v. RUSSIA,llama4:16x17b,Strict,0.000,0.000,0.000,0,3,44,44,3
MOSKALEV v. RUSSIA,mixtral:8x7b,Lenient,0.600,0.341,0.435,15,10,29,44,25
MOSKALEV v. RUSSIA,mixtral:8x7b,Strict,0.360,0.205,0.261,9,16,35,44,25
MOSKALEV v. RUSSIA,dolphin3:8b,Lenient,0.222,0.091,0.129,4,14,40,44,18
MOSKALEV v. RUSSIA,dolphin3:8b,Strict,0.111,0.045,0.065,2,16,42,44,18
MOSKALEV v. RUSSIA,dolphin-mixtral:8x7b,Lenient,0.733,0.250,0.373,11,4,33,44,15
MOSKALEV v. RUSSIA,dolphin-mixtral:8x7b,Strict,0.533,0.182,0.271,8,7,36,44,15
MURUZHEVA v. RUSSIA,gemma3:1b,Lenient,0.000,0.000,0.000,0,0,170,170,0
MURUZHEVA v. RUSSIA,gemma3:1b,Strict,0.000,0.000,0.000,0,0,170,170,0
MURUZHEVA v. RUSSIA,gemma3:4b,Lenient,0.574,0.206,0.303,35,26,135,170,61
MURUZHEVA v. RUSSIA,gemma3:4b,Strict,0.459,0.165,0.242,28,33,142,170,61
MURUZHEVA v. RUSSIA,gemma3:12b,Lenient,0.677,0.247,0.362,42,20,128,170,62
MURUZHEVA v. RUSSIA,gemma3:12b,Strict,0.468,0.171,0.250,29,33,141,170,62
MURUZHEVA v. RUSSIA,llama3.3:latest,Lenient,0.681,0.453,0.544,77,36,93,170,113
MURUZHEVA v. RUSSIA,llama3.3:latest,Strict,0.336,0.224,0.269,38,75,132,170,113
MURUZHEVA v. RUSSIA,deepseek-r1:8b,Lenient,0.727,0.188,0.299,32,12,138,170,44
MURUZHEVA v. RUSSIA,deepseek-r1:8b,Strict,0.341,0.088,0.140,15,29,155,170,44
MURUZHEVA v. RUSSIA,mistral:latest,Lenient,0.522,0.347,0.417,59,54,111,170,113
MURUZHEVA v. RUSSIA,mistral:latest,Strict,0.407,0.271,0.325,46,67,124,170,113
MURUZHEVA v. RUSSIA,incept5/llama3.1-claude:latest,Lenient,0.588,0.235,0.336,40,28,130,170,68
MURUZHEVA v. RUSSIA,incept5/llama3.1-claude:latest,Strict,0.309,0.124,0.176,21,47,149,170,68
MURUZHEVA v. RUSSIA,chevalblanc/claude-3-haiku:latest,Lenient,0.667,0.059,0.108,10,5,160,170,15
MURUZHEVA v. RUSSIA,chevalblanc/claude-3-haiku:latest,Strict,0.467,0.041,0.076,7,8,163,170,15
MURUZHEVA v. RUSSIA,llama4:16x17b,Lenient,0.000,0.000,0.000,0,0,170,170,0
MURUZHEVA v. RUSSIA,llama4:16x17b,Strict,0.000,0.000,0.000,0,0,170,170,0
MURUZHEVA v. RUSSIA,mixtral:8x7b,Lenient,0.767,0.194,0.310,33,10,137,170,43
MURUZHEVA v. RUSSIA,mixtral:8x7b,Strict,0.279,0.071,0.113,12,31,158,170,43
MURUZHEVA v. RUSSIA,dolphin3:8b,Lenient,0.000,0.000,0.000,0,15,170,170,15
MURUZHEVA v. RUSSIA,dolphin3:8b,Strict,0.000,0.000,0.000,0,15,170,170,15
MURUZHEVA v. RUSSIA,dolphin-mixtral:8x7b,Lenient,0.659,0.318,0.429,54,28,116,170,82
MURUZHEVA v. RUSSIA,dolphin-mixtral:8x7b,Strict,0.305,0.147,0.198,25,57,145,170,82
O.C.I. AND OTHERS v. ROMANIA,gemma3:1b,Lenient,0.227,0.052,0.084,5,17,92,97,22
O.C.I. AND OTHERS v. ROMANIA,gemma3:1b,Strict,0.091,0.021,0.034,2,20,95,97,22
O.C.I. AND OTHERS v. ROMANIA,gemma3:4b,Lenient,0.485,0.165,0.246,16,17,81,97,33
O.C.I. AND OTHERS v. ROMANIA,gemma3:4b,Strict,0.212,0.072,0.108,7,26,90,97,33
O.C.I. AND OTHERS v. ROMANIA,gemma3:12b,Lenient,0.711,0.278,0.400,27,11,70,97,38
O.C.I. AND OTHERS v. ROMANIA,gemma3:12b,Strict,0.474,0.186,0.267,18,20,79,97,38
O.C.I. AND OTHERS v. ROMANIA,llama3.3:latest,Lenient,0.714,0.464,0.563,45,18,52,97,63
O.C.I. AND OTHERS v. ROMANIA,llama3.3:latest,Strict,0.508,0.330,0.400,32,31,65,97,63
O.C.I. AND OTHERS v. ROMANIA,deepseek-r1:8b,Lenient,0.100,0.052,0.068,5,45,92,97,50
O.C.I. AND OTHERS v. ROMANIA,deepseek-r1:8b,Strict,0.060,0.031,0.041,3,47,94,97,50
O.C.I. AND OTHERS v. ROMANIA,mistral:latest,Lenient,0.000,0.000,0.000,0,11,97,97,11
O.C.I. AND OTHERS v. ROMANIA,mistral:latest,Strict,0.000,0.000,0.000,0,11,97,97,11
O.C.I. AND OTHERS v. ROMANIA,incept5/llama3.1-claude:latest,Lenient,0.600,0.247,0.350,24,16,73,97,40
O.C.I. AND OTHERS v. ROMANIA,incept5/llama3.1-claude:latest,Strict,0.425,0.175,0.248,17,23,80,97,40
O.C.I. AND OTHERS v. ROMANIA,chevalblanc/claude-3-haiku:latest,Lenient,0.647,0.113,0.193,11,6,86,97,17
O.C.I. AND OTHERS v. ROMANIA,chevalblanc/claude-3-haiku:latest,Strict,0.588,0.103,0.175,10,7,87,97,17
O.C.I. AND OTHERS v. ROMANIA,llama4:16x17b,Lenient,0.000,0.000,0.000,0,0,97,97,0
O.C.I. AND OTHERS v. ROMANIA,llama4:16x17b,Strict,0.000,0.000,0.000,0,0,97,97,0
O.C.I. AND OTHERS v. ROMANIA,mixtral:8x7b,Lenient,0.565,0.134,0.217,13,10,84,97,23
O.C.I. AND OTHERS v. ROMANIA,mixtral:8x7b,Strict,0.043,0.010,0.017,1,22,96,97,23
O.C.I. AND OTHERS v. ROMANIA,dolphin3:8b,Lenient,0.933,0.144,0.250,14,1,83,97,15
O.C.I. AND OTHERS v. ROMANIA,dolphin3:8b,Strict,0.533,0.082,0.143,8,7,89,97,15
O.C.I. AND OTHERS v. ROMANIA,dolphin-mixtral:8x7b,Lenient,0.731,0.196,0.309,19,7,78,97,26
O.C.I. AND OTHERS v. ROMANIA,dolphin-mixtral:8x7b,Strict,0.538,0.144,0.228,14,12,83,97,26
OTGON v. THE REPUBLIC OF MOLDOVA,gemma3:1b,Lenient,0.226,0.240,0.233,12,41,38,50,53
OTGON v. THE REPUBLIC OF MOLDOVA,gemma3:1b,Strict,0.170,0.180,0.175,9,44,41,50,53
OTGON v. THE REPUBLIC OF MOLDOVA,gemma3:4b,Lenient,0.000,0.000,0.000,0,0,50,50,0
OTGON v. THE REPUBLIC OF MOLDOVA,gemma3:4b,Strict,0.000,0.000,0.000,0,0,50,50,0
OTGON v. THE REPUBLIC OF MOLDOVA,gemma3:12b,Lenient,0.405,0.600,0.484,30,44,20,50,74
OTGON v. THE REPUBLIC OF MOLDOVA,gemma3:12b,Strict,0.176,0.260,0.210,13,61,37,50,74
OTGON v. THE REPUBLIC OF MOLDOVA,llama3.3:latest,Lenient,0.600,0.420,0.494,21,14,29,50,35
OTGON v. THE REPUBLIC OF MOLDOVA,llama3.3:latest,Strict,0.171,0.120,0.141,6,29,44,50,35
OTGON v. THE REPUBLIC OF MOLDOVA,deepseek-r1:8b,Lenient,0.327,0.340,0.333,17,35,33,50,52
OTGON v. THE REPUBLIC OF MOLDOVA,deepseek-r1:8b,Strict,0.212,0.220,0.216,11,41,39,50,52
OTGON v. THE REPUBLIC OF MOLDOVA,mistral:latest,Lenient,0.420,0.420,0.420,21,29,29,50,50
OTGON v. THE REPUBLIC OF MOLDOVA,mistral:latest,Strict,0.240,0.240,0.240,12,38,38,50,50
OTGON v. THE REPUBLIC OF MOLDOVA,incept5/llama3.1-claude:latest,Lenient,0.700,0.420,0.525,21,9,29,50,30
OTGON v. THE REPUBLIC OF MOLDOVA,incept5/llama3.1-claude:latest,Strict,0.467,0.280,0.350,14,16,36,50,30
OTGON v. THE REPUBLIC OF MOLDOVA,chevalblanc/claude-3-haiku:latest,Lenient,0.533,0.160,0.246,8,7,42,50,15
OTGON v. THE REPUBLIC OF MOLDOVA,chevalblanc/claude-3-haiku:latest,Strict,0.200,0.060,0.092,3,12,47,50,15
OTGON v. THE REPUBLIC OF MOLDOVA,llama4:16x17b,Lenient,0.667,0.320,0.432,16,8,34,50,24
OTGON v. THE REPUBLIC OF MOLDOVA,llama4:16x17b,Strict,0.417,0.200,0.270,10,14,40,50,24
OTGON v. THE REPUBLIC OF MOLDOVA,mixtral:8x7b,Lenient,0.632,0.240,0.348,12,7,38,50,19
OTGON v. THE REPUBLIC OF MOLDOVA,mixtral:8x7b,Strict,0.368,0.140,0.203,7,12,43,50,19
OTGON v. THE REPUBLIC OF MOLDOVA,dolphin3:8b,Lenient,0.600,0.240,0.343,12,8,38,50,20
OTGON v. THE REPUBLIC OF MOLDOVA,dolphin3:8b,Strict,0.200,0.080,0.114,4,16,46,50,20
OTGON v. THE REPUBLIC OF MOLDOVA,dolphin-mixtral:8x7b,Lenient,0.440,0.220,0.293,11,14,39,50,25
OTGON v. THE REPUBLIC OF MOLDOVA,dolphin-mixtral:8x7b,Strict,0.160,0.080,0.107,4,21,46,50,25
PAKHTUSOV v. RUSSIA,gemma3:1b,Lenient,0.341,0.280,0.308,14,27,36,50,41
PAKHTUSOV v. RUSSIA,gemma3:1b,Strict,0.244,0.200,0.220,10,31,40,50,41
PAKHTUSOV v. RUSSIA,gemma3:4b,Lenient,0.259,0.440,0.326,22,63,28,50,85
PAKHTUSOV v. RUSSIA,gemma3:4b,Strict,0.200,0.340,0.252,17,68,33,50,85
PAKHTUSOV v. RUSSIA,gemma3:12b,Lenient,0.650,0.520,0.578,26,14,24,50,40
PAKHTUSOV v. RUSSIA,gemma3:12b,Strict,0.325,0.260,0.289,13,27,37,50,40
PAKHTUSOV v. RUSSIA,llama3.3:latest,Lenient,0.600,0.660,0.629,33,22,17,50,55
PAKHTUSOV v. RUSSIA,llama3.3:latest,Strict,0.291,0.320,0.305,16,39,34,50,55
PAKHTUSOV v. RUSSIA,deepseek-r1:8b,Lenient,0.450,0.180,0.257,9,11,41,50,20
PAKHTUSOV v. RUSSIA,deepseek-r1:8b,Strict,0.200,0.080,0.114,4,16,46,50,20
PAKHTUSOV v. RUSSIA,mistral:latest,Lenient,0.305,0.500,0.379,25,57,25,50,82
PAKHTUSOV v. RUSSIA,mistral:latest,Strict,0.220,0.360,0.273,18,64,32,50,82
PAKHTUSOV v. RUSSIA,incept5/llama3.1-claude:latest,Lenient,0.750,0.420,0.538,21,7,29,50,28
PAKHTUSOV v. RUSSIA,incept5/llama3.1-claude:latest,Strict,0.500,0.280,0.359,14,14,36,50,28
PAKHTUSOV v. RUSSIA,chevalblanc/claude-3-haiku:latest,Lenient,0.667,0.200,0.308,10,5,40,50,15
PAKHTUSOV v. RUSSIA,chevalblanc/claude-3-haiku:latest,Strict,0.267,0.080,0.123,4,11,46,50,15
PAKHTUSOV v. RUSSIA,llama4:16x17b,Lenient,0.667,0.040,0.075,2,1,48,50,3
PAKHTUSOV v. RUSSIA,llama4:16x17b,Strict,0.667,0.040,0.075,2,1,48,50,3
PAKHTUSOV v. RUSSIA,mixtral:8x7b,Lenient,0.733,0.220,0.338,11,4,39,50,15
PAKHTUSOV v. RUSSIA,mixtral:8x7b,Strict,0.267,0.080,0.123,4,11,46,50,15
PAKHTUSOV v. RUSSIA,dolphin3:8b,Lenient,0.533,0.160,0.246,8,7,42,50,15
PAKHTUSOV v. RUSSIA,dolphin3:8b,Strict,0.333,0.100,0.154,5,10,45,50,15
PAKHTUSOV v. RUSSIA,dolphin-mixtral:8x7b,Lenient,0.591,0.260,0.361,13,9,37,50,22
PAKHTUSOV v. RUSSIA,dolphin-mixtral:8x7b,Strict,0.318,0.140,0.194,7,15,43,50,22
PANYUSHKINY v. RUSSIA,gemma3:1b,Lenient,0.000,0.000,0.000,0,0,129,129,0
PANYUSHKINY v. RUSSIA,gemma3:1b,Strict,0.000,0.000,0.000,0,0,129,129,0
PANYUSHKINY v. RUSSIA,gemma3:4b,Lenient,0.189,0.109,0.138,14,60,115,129,74
PANYUSHKINY v. RUSSIA,gemma3:4b,Strict,0.135,0.078,0.099,10,64,119,129,74
PANYUSHKINY v. RUSSIA,gemma3:12b,Lenient,0.703,0.496,0.582,64,27,65,129,91
PANYUSHKINY v. RUSSIA,gemma3:12b,Strict,0.473,0.333,0.391,43,48,86,129,91
PANYUSHKINY v. RUSSIA,llama3.3:latest,Lenient,0.760,0.612,0.678,79,25,50,129,104
PANYUSHKINY v. RUSSIA,llama3.3:latest,Strict,0.615,0.496,0.549,64,40,65,129,104
PANYUSHKINY v. RUSSIA,deepseek-r1:8b,Lenient,0.585,0.295,0.392,38,27,91,129,65
PANYUSHKINY v. RUSSIA,deepseek-r1:8b,Strict,0.262,0.132,0.175,17,48,112,129,65
PANYUSHKINY v. RUSSIA,mistral:latest,Lenient,0.465,0.519,0.491,67,77,62,129,144
PANYUSHKINY v. RUSSIA,mistral:latest,Strict,0.299,0.333,0.315,43,101,86,129,144
PANYUSHKINY v. RUSSIA,incept5/llama3.1-claude:latest,Lenient,0.568,0.419,0.482,54,41,75,129,95
PANYUSHKINY v. RUSSIA,incept5/llama3.1-claude:latest,Strict,0.379,0.279,0.321,36,59,93,129,95
PANYUSHKINY v. RUSSIA,chevalblanc/claude-3-haiku:latest,Lenient,0.759,0.171,0.278,22,7,107,129,29
PANYUSHKINY v. RUSSIA,chevalblanc/claude-3-haiku:latest,Strict,0.345,0.078,0.127,10,19,119,129,29
PANYUSHKINY v. RUSSIA,llama4:16x17b,Lenient,0.778,0.054,0.101,7,2,122,129,9
PANYUSHKINY v. RUSSIA,llama4:16x17b,Strict,0.667,0.047,0.087,6,3,123,129,9
PANYUSHKINY v. RUSSIA,mixtral:8x7b,Lenient,0.667,0.016,0.030,2,1,127,129,3
PANYUSHKINY v. RUSSIA,mixtral:8x7b,Strict,0.333,0.008,0.015,1,2,128,129,3
PANYUSHKINY v. RUSSIA,dolphin3:8b,Lenient,0.769,0.078,0.141,10,3,119,129,13
PANYUSHKINY v. RUSSIA,dolphin3:8b,Strict,0.615,0.062,0.113,8,5,121,129,13
PANYUSHKINY v. RUSSIA,dolphin-mixtral:8x7b,Lenient,0.649,0.388,0.485,50,27,79,129,77
PANYUSHKINY v. RUSSIA,dolphin-mixtral:8x7b,Strict,0.299,0.178,0.223,23,54,106,129,77
RESIN v. RUSSIA,gemma3:1b,Lenient,0.211,0.118,0.151,8,30,60,68,38
RESIN v. RUSSIA,gemma3:1b,Strict,0.079,0.044,0.057,3,35,65,68,38
RESIN v. RUSSIA,gemma3:4b,Lenient,0.524,0.162,0.247,11,10,57,68,21
RESIN v. RUSSIA,gemma3:4b,Strict,0.190,0.059,0.090,4,17,64,68,21
RESIN v. RUSSIA,gemma3:12b,Lenient,0.538,0.309,0.393,21,18,47,68,39
RESIN v. RUSSIA,gemma3:12b,Strict,0.333,0.191,0.243,13,26,55,68,39
RESIN v. RUSSIA,llama3.3:latest,Lenient,0.384,0.412,0.397,28,45,40,68,73
RESIN v. RUSSIA,llama3.3:latest,Strict,0.219,0.235,0.227,16,57,52,68,73
RESIN v. RUSSIA,deepseek-r1:8b,Lenient,0.105,0.235,0.145,16,136,52,68,152
RESIN v. RUSSIA,deepseek-r1:8b,Strict,0.079,0.176,0.109,12,140,56,68,152
RESIN v. RUSSIA,mistral:latest,Lenient,0.450,0.265,0.333,18,22,50,68,40
RESIN v. RUSSIA,mistral:latest,Strict,0.175,0.103,0.130,7,33,61,68,40
RESIN v. RUSSIA,incept5/llama3.1-claude:latest,Lenient,0.375,0.265,0.310,18,30,50,68,48
RESIN v. RUSSIA,incept5/llama3.1-claude:latest,Strict,0.167,0.118,0.138,8,40,60,68,48
RESIN v. RUSSIA,chevalblanc/claude-3-haiku:latest,Lenient,0.576,0.279,0.376,19,14,49,68,33
RESIN v. RUSSIA,chevalblanc/claude-3-haiku:latest,Strict,0.242,0.118,0.158,8,25,60,68,33
RESIN v. RUSSIA,llama4:16x17b,Lenient,0.000,0.000,0.000,0,3,68,68,3
RESIN v. RUSSIA,llama4:16x17b,Strict,0.000,0.000,0.000,0,3,68,68,3
RESIN v. RUSSIA,mixtral:8x7b,Lenient,0.543,0.279,0.369,19,16,49,68,35
RESIN v. RUSSIA,mixtral:8x7b,Strict,0.143,0.074,0.097,5,30,63,68,35
RESIN v. RUSSIA,dolphin3:8b,Lenient,0.522,0.353,0.421,24,22,44,68,46
RESIN v. RUSSIA,dolphin3:8b,Strict,0.326,0.221,0.263,15,31,53,68,46
RESIN v. RUSSIA,dolphin-mixtral:8x7b,Lenient,0.526,0.147,0.230,10,9,58,68,19
RESIN v. RUSSIA,dolphin-mixtral:8x7b,Strict,0.316,0.088,0.138,6,13,62,68,19
S.N. v. RUSSIA,gemma3:1b,Lenient,0.150,0.018,0.032,3,17,164,167,20
S.N. v. RUSSIA,gemma3:1b,Strict,0.000,0.000,0.000,0,20,167,167,20
S.N. v. RUSSIA,gemma3:4b,Lenient,0.000,0.000,0.000,0,24,167,167,24
S.N. v. RUSSIA,gemma3:4b,Strict,0.000,0.000,0.000,0,24,167,167,24
S.N. v. RUSSIA,gemma3:12b,Lenient,0.143,0.018,0.032,3,18,164,167,21
S.N. v. RUSSIA,gemma3:12b,Strict,0.048,0.006,0.011,1,20,166,167,21
S.N. v. RUSSIA,llama3.3:latest,Lenient,0.091,0.006,0.011,1,10,166,167,11
S.N. v. RUSSIA,llama3.3:latest,Strict,0.000,0.000,0.000,0,11,167,167,11
S.N. v. RUSSIA,deepseek-r1:8b,Lenient,0.160,0.024,0.042,4,21,163,167,25
S.N. v. RUSSIA,deepseek-r1:8b,Strict,0.160,0.024,0.042,4,21,163,167,25
S.N. v. RUSSIA,mistral:latest,Lenient,0.170,0.048,0.075,8,39,159,167,47
S.N. v. RUSSIA,mistral:latest,Strict,0.106,0.030,0.047,5,42,162,167,47
S.N. v. RUSSIA,incept5/llama3.1-claude:latest,Lenient,0.154,0.012,0.022,2,11,165,167,13
S.N. v. RUSSIA,incept5/llama3.1-claude:latest,Strict,0.154,0.012,0.022,2,11,165,167,13
S.N. v. RUSSIA,chevalblanc/claude-3-haiku:latest,Lenient,0.444,0.072,0.124,12,15,155,167,27
S.N. v. RUSSIA,chevalblanc/claude-3-haiku:latest,Strict,0.259,0.042,0.072,7,20,160,167,27
S.N. v. RUSSIA,llama4:16x17b,Lenient,0.000,0.000,0.000,0,0,167,167,0
S.N. v. RUSSIA,llama4:16x17b,Strict,0.000,0.000,0.000,0,0,167,167,0
S.N. v. RUSSIA,mixtral:8x7b,Lenient,0.769,0.479,0.590,80,24,87,167,104
S.N. v. RUSSIA,mixtral:8x7b,Strict,0.288,0.180,0.221,30,74,137,167,104
S.N. v. RUSSIA,dolphin3:8b,Lenient,0.091,0.006,0.011,1,10,166,167,11
S.N. v. RUSSIA,dolphin3:8b,Strict,0.000,0.000,0.000,0,11,167,167,11
S.N. v. RUSSIA,dolphin-mixtral:8x7b,Lenient,0.500,0.018,0.035,3,3,164,167,6
S.N. v. RUSSIA,dolphin-mixtral:8x7b,Strict,0.333,0.012,0.023,2,4,165,167,6
S.V. v. ITALY,gemma3:1b,Lenient,0.000,0.000,0.000,0,0,74,74,0
S.V. v. ITALY,gemma3:1b,Strict,0.000,0.000,0.000,0,0,74,74,0
S.V. v. ITALY,gemma3:4b,Lenient,0.600,0.243,0.346,18,12,56,74,30
S.V. v. ITALY,gemma3:4b,Strict,0.367,0.149,0.212,11,19,63,74,30
S.V. v. ITALY,gemma3:12b,Lenient,0.528,0.378,0.441,28,25,46,74,53
S.V. v. ITALY,gemma3:12b,Strict,0.170,0.122,0.142,9,44,65,74,53
S.V. v. ITALY,llama3.3:latest,Lenient,0.648,0.473,0.547,35,19,39,74,54
S.V. v. ITALY,llama3.3:latest,Strict,0.389,0.284,0.328,21,33,53,74,54
S.V. v. ITALY,deepseek-r1:8b,Lenient,0.426,0.311,0.359,23,31,51,74,54
S.V. v. ITALY,deepseek-r1:8b,Strict,0.148,0.108,0.125,8,46,66,74,54
S.V. v. ITALY,mistral:latest,Lenient,0.484,0.419,0.449,31,33,43,74,64
S.V. v. ITALY,mistral:latest,Strict,0.328,0.284,0.304,21,43,53,74,64
S.V. v. ITALY,incept5/llama3.1-claude:latest,Lenient,0.462,0.243,0.319,18,21,56,74,39
S.V. v. ITALY,incept5/llama3.1-claude:latest,Strict,0.359,0.189,0.248,14,25,60,74,39
S.V. v. ITALY,chevalblanc/claude-3-haiku:latest,Lenient,0.750,0.122,0.209,9,3,65,74,12
S.V. v. ITALY,chevalblanc/claude-3-haiku:latest,Strict,0.250,0.041,0.070,3,9,71,74,12
S.V. v. ITALY,llama4:16x17b,Lenient,0.000,0.000,0.000,0,0,74,74,0
S.V. v. ITALY,llama4:16x17b,Strict,0.000,0.000,0.000,0,0,74,74,0
S.V. v. ITALY,mixtral:8x7b,Lenient,0.710,0.297,0.419,22,9,52,74,31
S.V. v. ITALY,mixtral:8x7b,Strict,0.258,0.108,0.152,8,23,66,74,31
S.V. v. ITALY,dolphin3:8b,Lenient,0.643,0.243,0.353,18,10,56,74,28
S.V. v. ITALY,dolphin3:8b,Strict,0.571,0.216,0.314,16,12,58,74,28
S.V. v. ITALY,dolphin-mixtral:8x7b,Lenient,0.500,0.135,0.213,10,10,64,74,20
S.V. v. ITALY,dolphin-mixtral:8x7b,Strict,0.350,0.095,0.149,7,13,67,74,20
SHVIDKIYE v. RUSSIA,gemma3:1b,Lenient,0.000,0.000,0.000,0,0,91,91,0
SHVIDKIYE v. RUSSIA,gemma3:1b,Strict,0.000,0.000,0.000,0,0,91,91,0
SHVIDKIYE v. RUSSIA,gemma3:4b,Lenient,0.710,0.242,0.361,22,9,69,91,31
SHVIDKIYE v. RUSSIA,gemma3:4b,Strict,0.452,0.154,0.230,14,17,77,91,31
SHVIDKIYE v. RUSSIA,gemma3:12b,Lenient,0.595,0.242,0.344,22,15,69,91,37
SHVIDKIYE v. RUSSIA,gemma3:12b,Strict,0.405,0.165,0.234,15,22,76,91,37
SHVIDKIYE v. RUSSIA,llama3.3:latest,Lenient,0.708,0.505,0.590,46,19,45,91,65
SHVIDKIYE v. RUSSIA,llama3.3:latest,Strict,0.354,0.253,0.295,23,42,68,91,65
SHVIDKIYE v. RUSSIA,deepseek-r1:8b,Lenient,0.458,0.363,0.405,33,39,58,91,72
SHVIDKIYE v. RUSSIA,deepseek-r1:8b,Strict,0.264,0.209,0.233,19,53,72,91,72
SHVIDKIYE v. RUSSIA,mistral:latest,Lenient,0.388,0.516,0.443,47,74,44,91,121
SHVIDKIYE v. RUSSIA,mistral:latest,Strict,0.240,0.319,0.274,29,92,62,91,121
SHVIDKIYE v. RUSSIA,incept5/llama3.1-claude:latest,Lenient,0.560,0.154,0.241,14,11,77,91,25
SHVIDKIYE v. RUSSIA,incept5/llama3.1-claude:latest,Strict,0.200,0.055,0.086,5,20,86,91,25
SHVIDKIYE v. RUSSIA,chevalblanc/claude-3-haiku:latest,Lenient,0.567,0.374,0.450,34,26,57,91,60
SHVIDKIYE v. RUSSIA,chevalblanc/claude-3-haiku:latest,Strict,0.183,0.121,0.146,11,49,80,91,60
SHVIDKIYE v. RUSSIA,llama4:16x17b,Lenient,0.000,0.000,0.000,0,0,91,91,0
SHVIDKIYE v. RUSSIA,llama4:16x17b,Strict,0.000,0.000,0.000,0,0,91,91,0
SHVIDKIYE v. RUSSIA,mixtral:8x7b,Lenient,0.727,0.264,0.387,24,9,67,91,33
SHVIDKIYE v. RUSSIA,mixtral:8x7b,Strict,0.303,0.110,0.161,10,23,81,91,33
SHVIDKIYE v. RUSSIA,dolphin3:8b,Lenient,0.611,0.242,0.346,22,14,69,91,36
SHVIDKIYE v. RUSSIA,dolphin3:8b,Strict,0.417,0.165,0.236,15,21,76,91,36
SHVIDKIYE v. RUSSIA,dolphin-mixtral:8x7b,Lenient,0.417,0.055,0.097,5,7,86,91,12
SHVIDKIYE v. RUSSIA,dolphin-mixtral:8x7b,Strict,0.250,0.033,0.058,3,9,88,91,12
SIDOROVA v. RUSSIA,gemma3:1b,Lenient,0.154,0.037,0.060,2,11,52,54,13
SIDOROVA v. RUSSIA,gemma3:1b,Strict,0.077,0.019,0.030,1,12,53,54,13
SIDOROVA v. RUSSIA,gemma3:4b,Lenient,0.000,0.000,0.000,0,15,54,54,15
SIDOROVA v. RUSSIA,gemma3:4b,Strict,0.000,0.000,0.000,0,15,54,54,15
SIDOROVA v. RUSSIA,gemma3:12b,Lenient,0.649,0.444,0.527,24,13,30,54,37
SIDOROVA v. RUSSIA,gemma3:12b,Strict,0.324,0.222,0.264,12,25,42,54,37
SIDOROVA v. RUSSIA,llama3.3:latest,Lenient,0.583,0.130,0.212,7,5,47,54,12
SIDOROVA v. RUSSIA,llama3.3:latest,Strict,0.333,0.074,0.121,4,8,50,54,12
SIDOROVA v. RUSSIA,deepseek-r1:8b,Lenient,0.348,0.148,0.208,8,15,46,54,23
SIDOROVA v. RUSSIA,deepseek-r1:8b,Strict,0.130,0.056,0.078,3,20,51,54,23
SIDOROVA v. RUSSIA,mistral:latest,Lenient,0.184,0.167,0.175,9,40,45,54,49
SIDOROVA v. RUSSIA,mistral:latest,Strict,0.061,0.056,0.058,3,46,51,54,49
SIDOROVA v. RUSSIA,incept5/llama3.1-claude:latest,Lenient,0.500,0.111,0.182,6,6,48,54,12
SIDOROVA v. RUSSIA,incept5/llama3.1-claude:latest,Strict,0.250,0.056,0.091,3,9,51,54,12
SIDOROVA v. RUSSIA,chevalblanc/claude-3-haiku:latest,Lenient,0.745,0.759,0.752,41,14,13,54,55
SIDOROVA v. RUSSIA,chevalblanc/claude-3-haiku:latest,Strict,0.236,0.241,0.239,13,42,41,54,55
SIDOROVA v. RUSSIA,llama4:16x17b,Lenient,0.000,0.000,0.000,0,0,54,54,0
SIDOROVA v. RUSSIA,llama4:16x17b,Strict,0.000,0.000,0.000,0,0,54,54,0
SIDOROVA v. RUSSIA,mixtral:8x7b,Lenient,0.375,0.056,0.097,3,5,51,54,8
SIDOROVA v. RUSSIA,mixtral:8x7b,Strict,0.125,0.019,0.032,1,7,53,54,8
SIDOROVA v. RUSSIA,dolphin3:8b,Lenient,0.429,0.056,0.098,3,4,51,54,7
SIDOROVA v. RUSSIA,dolphin3:8b,Strict,0.000,0.000,0.000,0,7,54,54,7
SIDOROVA v. RUSSIA,dolphin-mixtral:8x7b,Lenient,0.000,0.000,0.000,0,0,54,54,0
SIDOROVA v. RUSSIA,dolphin-mixtral:8x7b,Strict,0.000,0.000,0.000,0,0,54,54,0
SOLCAN v. ROMANIA,gemma3:1b,Lenient,0.364,0.145,0.208,8,14,47,55,22
SOLCAN v. ROMANIA,gemma3:1b,Strict,0.273,0.109,0.156,6,16,49,55,22
SOLCAN v. ROMANIA,gemma3:4b,Lenient,0.189,0.182,0.185,10,43,45,55,53
SOLCAN v. ROMANIA,gemma3:4b,Strict,0.094,0.091,0.093,5,48,50,55,53
SOLCAN v. ROMANIA,gemma3:12b,Lenient,0.686,0.436,0.533,24,11,31,55,35
SOLCAN v. ROMANIA,gemma3:12b,Strict,0.543,0.345,0.422,19,16,36,55,35
SOLCAN v. ROMANIA,llama3.3:latest,Lenient,0.741,0.364,0.488,20,7,35,55,27
SOLCAN v. ROMANIA,llama3.3:latest,Strict,0.259,0.127,0.171,7,20,48,55,27
SOLCAN v. ROMANIA,deepseek-r1:8b,Lenient,0.538,0.382,0.447,21,18,34,55,39
SOLCAN v. ROMANIA,deepseek-r1:8b,Strict,0.308,0.218,0.255,12,27,43,55,39
SOLCAN v. ROMANIA,mistral:latest,Lenient,0.313,0.473,0.377,26,57,29,55,83
SOLCAN v. ROMANIA,mistral:latest,Strict,0.277,0.418,0.333,23,60,32,55,83
SOLCAN v. ROMANIA,incept5/llama3.1-claude:latest,Lenient,0.280,0.255,0.267,14,36,41,55,50
SOLCAN v. ROMANIA,incept5/llama3.1-claude:latest,Strict,0.200,0.182,0.190,10,40,45,55,50
SOLCAN v. ROMANIA,chevalblanc/claude-3-haiku:latest,Lenient,0.538,0.127,0.206,7,6,48,55,13
SOLCAN v. ROMANIA,chevalblanc/claude-3-haiku:latest,Strict,0.385,0.091,0.147,5,8,50,55,13
SOLCAN v. ROMANIA,llama4:16x17b,Lenient,0.000,0.000,0.000,0,0,55,55,0
SOLCAN v. ROMANIA,llama4:16x17b,Strict,0.000,0.000,0.000,0,0,55,55,0
SOLCAN v. ROMANIA,mixtral:8x7b,Lenient,0.000,0.000,0.000,0,5,55,55,5
SOLCAN v. ROMANIA,mixtral:8x7b,Strict,0.000,0.000,0.000,0,5,55,55,5
SOLCAN v. ROMANIA,dolphin3:8b,Lenient,0.222,0.073,0.110,4,14,51,55,18
SOLCAN v. ROMANIA,dolphin3:8b,Strict,0.167,0.055,0.082,3,15,52,55,18
SOLCAN v. ROMANIA,dolphin-mixtral:8x7b,Lenient,0.536,0.273,0.361,15,13,40,55,28
SOLCAN v. ROMANIA,dolphin-mixtral:8x7b,Strict,0.214,0.109,0.145,6,22,49,55,28
STANA v. ROMANIA,gemma3:1b,Lenient,0.538,0.259,0.350,7,6,20,27,13
STANA v. ROMANIA,gemma3:1b,Strict,0.308,0.148,0.200,4,9,23,27,13
STANA v. ROMANIA,gemma3:4b,Lenient,0.440,0.407,0.423,11,14,16,27,25
STANA v. ROMANIA,gemma3:4b,Strict,0.240,0.222,0.231,6,19,21,27,25
STANA v. ROMANIA,gemma3:12b,Lenient,0.370,0.370,0.370,10,17,17,27,27
STANA v. ROMANIA,gemma3:12b,Strict,0.148,0.148,0.148,4,23,23,27,27
STANA v. ROMANIA,llama3.3:latest,Lenient,0.789,0.556,0.652,15,4,12,27,19
STANA v. ROMANIA,llama3.3:latest,Strict,0.316,0.222,0.261,6,13,21,27,19
STANA v. ROMANIA,deepseek-r1:8b,Lenient,0.500,0.444,0.471,12,12,15,27,24
STANA v. ROMANIA,deepseek-r1:8b,Strict,0.208,0.185,0.196,5,19,22,27,24
STANA v. ROMANIA,mistral:latest,Lenient,0.281,0.333,0.305,9,23,18,27,32
STANA v. ROMANIA,mistral:latest,Strict,0.156,0.185,0.169,5,27,22,27,32
STANA v. ROMANIA,incept5/llama3.1-claude:latest,Lenient,0.818,0.333,0.474,9,2,18,27,11
STANA v. ROMANIA,incept5/llama3.1-claude:latest,Strict,0.182,0.074,0.105,2,9,25,27,11
STANA v. ROMANIA,chevalblanc/claude-3-haiku:latest,Lenient,0.550,0.407,0.468,11,9,16,27,20
STANA v. ROMANIA,chevalblanc/claude-3-haiku:latest,Strict,0.200,0.148,0.170,4,16,23,27,20
STANA v. ROMANIA,llama4:16x17b,Lenient,0.625,0.185,0.286,5,3,22,27,8
STANA v. ROMANIA,llama4:16x17b,Strict,0.375,0.111,0.171,3,5,24,27,8
STANA v. ROMANIA,mixtral:8x7b,Lenient,0.375,0.111,0.171,3,5,24,27,8
STANA v. ROMANIA,mixtral:8x7b,Strict,0.125,0.037,0.057,1,7,26,27,8
STANA v. ROMANIA,dolphin3:8b,Lenient,0.600,0.222,0.324,6,4,21,27,10
STANA v. ROMANIA,dolphin3:8b,Strict,0.300,0.111,0.162,3,7,24,27,10
STANA v. ROMANIA,dolphin-mixtral:8x7b,Lenient,0.500,0.444,0.471,12,12,15,27,24
STANA v. ROMANIA,dolphin-mixtral:8x7b,Strict,0.167,0.148,0.157,4,20,23,27,24
VISY v. SLOVAKIA,gemma3:1b,Lenient,0.043,0.016,0.024,1,22,60,61,23
VISY v. SLOVAKIA,gemma3:1b,Strict,0.043,0.016,0.024,1,22,60,61,23
VISY v. SLOVAKIA,gemma3:4b,Lenient,0.273,0.197,0.229,12,32,49,61,44
VISY v. SLOVAKIA,gemma3:4b,Strict,0.182,0.131,0.152,8,36,53,61,44
VISY v. SLOVAKIA,gemma3:12b,Lenient,0.417,0.246,0.309,15,21,46,61,36
VISY v. SLOVAKIA,gemma3:12b,Strict,0.278,0.164,0.206,10,26,51,61,36
VISY v. SLOVAKIA,llama3.3:latest,Lenient,0.217,0.508,0.304,31,112,30,61,143
VISY v. SLOVAKIA,llama3.3:latest,Strict,0.098,0.230,0.137,14,129,47,61,143
VISY v. SLOVAKIA,deepseek-r1:8b,Lenient,0.161,0.082,0.109,5,26,56,61,31
VISY v. SLOVAKIA,deepseek-r1:8b,Strict,0.097,0.049,0.065,3,28,58,61,31
VISY v. SLOVAKIA,mistral:latest,Lenient,0.182,0.459,0.260,28,126,33,61,154
VISY v. SLOVAKIA,mistral:latest,Strict,0.136,0.344,0.195,21,133,40,61,154
VISY v. SLOVAKIA,incept5/llama3.1-claude:latest,Lenient,0.364,0.131,0.193,8,14,53,61,22
VISY v. SLOVAKIA,incept5/llama3.1-claude:latest,Strict,0.227,0.082,0.120,5,17,56,61,22
VISY v. SLOVAKIA,chevalblanc/claude-3-haiku:latest,Lenient,1.000,0.049,0.094,3,0,58,61,3
VISY v. SLOVAKIA,chevalblanc/claude-3-haiku:latest,Strict,0.333,0.016,0.031,1,2,60,61,3
VISY v. SLOVAKIA,llama4:16x17b,Lenient,0.000,0.000,0.000,0,0,61,61,0
VISY v. SLOVAKIA,llama4:16x17b,Strict,0.000,0.000,0.000,0,0,61,61,0
VISY v. SLOVAKIA,mixtral:8x7b,Lenient,0.000,0.000,0.000,0,0,61,61,0
VISY v. SLOVAKIA,mixtral:8x7b,Strict,0.000,0.000,0.000,0,0,61,61,0
VISY v. SLOVAKIA,dolphin3:8b,Lenient,0.333,0.098,0.152,6,12,55,61,18
VISY v. SLOVAKIA,dolphin3:8b,Strict,0.278,0.082,0.127,5,13,56,61,18
VISY v. SLOVAKIA,dolphin-mixtral:8x7b,Lenient,0.372,0.262,0.308,16,27,45,61,43
VISY v. SLOVAKIA,dolphin-mixtral:8x7b,Strict,0.209,0.148,0.173,9,34,52,61,43
YAKUSHEV v. UKRAINE,gemma3:1b,Lenient,0.464,0.265,0.338,13,15,36,49,28
YAKUSHEV v. UKRAINE,gemma3:1b,Strict,0.321,0.184,0.234,9,19,40,49,28
YAKUSHEV v. UKRAINE,gemma3:4b,Lenient,0.429,0.367,0.396,18,24,31,49,42
YAKUSHEV v. UKRAINE,gemma3:4b,Strict,0.262,0.224,0.242,11,31,38,49,42
YAKUSHEV v. UKRAINE,gemma3:12b,Lenient,0.604,0.592,0.598,29,19,20,49,48
YAKUSHEV v. UKRAINE,gemma3:12b,Strict,0.375,0.367,0.371,18,30,31,49,48
YAKUSHEV v. UKRAINE,llama3.3:latest,Lenient,0.757,0.571,0.651,28,9,21,49,37
YAKUSHEV v. UKRAINE,llama3.3:latest,Strict,0.378,0.286,0.326,14,23,35,49,37
YAKUSHEV v. UKRAINE,deepseek-r1:8b,Lenient,0.000,0.000,0.000,0,3,49,49,3
YAKUSHEV v. UKRAINE,deepseek-r1:8b,Strict,0.000,0.000,0.000,0,3,49,49,3
YAKUSHEV v. UKRAINE,mistral:latest,Lenient,0.413,0.531,0.464,26,37,23,49,63
YAKUSHEV v. UKRAINE,mistral:latest,Strict,0.254,0.327,0.286,16,47,33,49,63
YAKUSHEV v. UKRAINE,incept5/llama3.1-claude:latest,Lenient,0.640,0.327,0.432,16,9,33,49,25
YAKUSHEV v. UKRAINE,incept5/llama3.1-claude:latest,Strict,0.360,0.184,0.243,9,16,40,49,25
YAKUSHEV v. UKRAINE,chevalblanc/claude-3-haiku:latest,Lenient,0.773,0.347,0.479,17,5,32,49,22
YAKUSHEV v. UKRAINE,chevalblanc/claude-3-haiku:latest,Strict,0.136,0.061,0.085,3,19,46,49,22
YAKUSHEV v. UKRAINE,llama4:16x17b,Lenient,0.400,0.082,0.136,4,6,45,49,10
YAKUSHEV v. UKRAINE,llama4:16x17b,Strict,0.200,0.041,0.068,2,8,47,49,10
YAKUSHEV v. UKRAINE,mixtral:8x7b,Lenient,0.667,0.122,0.207,6,3,43,49,9
YAKUSHEV v. UKRAINE,mixtral:8x7b,Strict,0.333,0.061,0.103,3,6,46,49,9
YAKUSHEV v. UKRAINE,dolphin3:8b,Lenient,0.500,0.143,0.222,7,7,42,49,14
YAKUSHEV v. UKRAINE,dolphin3:8b,Strict,0.071,0.020,0.032,1,13,48,49,14
YAKUSHEV v. UKRAINE,dolphin-mixtral:8x7b,Lenient,0.741,0.408,0.526,20,7,29,49,27
YAKUSHEV v. UKRAINE,dolphin-mixtral:8x7b,Strict,0.296,0.163,0.211,8,19,41,49,27
YERMAKOVICH v. RUSSIA,gemma3:1b,Lenient,0.250,0.016,0.029,2,6,126,128,8
YERMAKOVICH v. RUSSIA,gemma3:1b,Strict,0.250,0.016,0.029,2,6,126,128,8
YERMAKOVICH v. RUSSIA,gemma3:4b,Lenient,0.333,0.016,0.030,2,4,126,128,6
YERMAKOVICH v. RUSSIA,gemma3:4b,Strict,0.333,0.016,0.030,2,4,126,128,6
YERMAKOVICH v. RUSSIA,gemma3:12b,Lenient,0.348,0.062,0.106,8,15,120,128,23
YERMAKOVICH v. RUSSIA,gemma3:12b,Strict,0.174,0.031,0.053,4,19,124,128,23
YERMAKOVICH v. RUSSIA,llama3.3:latest,Lenient,0.876,0.609,0.719,78,11,50,128,89
YERMAKOVICH v. RUSSIA,llama3.3:latest,Strict,0.303,0.211,0.249,27,62,101,128,89
YERMAKOVICH v. RUSSIA,deepseek-r1:8b,Lenient,0.121,0.094,0.106,12,87,116,128,99
YERMAKOVICH v. RUSSIA,deepseek-r1:8b,Strict,0.061,0.047,0.053,6,93,122,128,99
YERMAKOVICH v. RUSSIA,mistral:latest,Lenient,0.484,0.234,0.316,30,32,98,128,62
YERMAKOVICH v. RUSSIA,mistral:latest,Strict,0.435,0.211,0.284,27,35,101,128,62
YERMAKOVICH v. RUSSIA,incept5/llama3.1-claude:latest,Lenient,0.333,0.023,0.044,3,6,125,128,9
YERMAKOVICH v. RUSSIA,incept5/llama3.1-claude:latest,Strict,0.222,0.016,0.029,2,7,126,128,9
YERMAKOVICH v. RUSSIA,chevalblanc/claude-3-haiku:latest,Lenient,0.685,0.289,0.407,37,17,91,128,54
YERMAKOVICH v. RUSSIA,chevalblanc/claude-3-haiku:latest,Strict,0.389,0.164,0.231,21,33,107,128,54
YERMAKOVICH v. RUSSIA,llama4:16x17b,Lenient,0.000,0.000,0.000,0,0,128,128,0
YERMAKOVICH v. RUSSIA,llama4:16x17b,Strict,0.000,0.000,0.000,0,0,128,128,0
YERMAKOVICH v. RUSSIA,mixtral:8x7b,Lenient,0.400,0.031,0.058,4,6,124,128,10
YERMAKOVICH v. RUSSIA,mixtral:8x7b,Strict,0.200,0.016,0.029,2,8,126,128,10
YERMAKOVICH v. RUSSIA,dolphin3:8b,Lenient,0.000,0.000,0.000,0,1,128,128,1
YERMAKOVICH v. RUSSIA,dolphin3:8b,Strict,0.000,0.000,0.000,0,1,128,128,1
YERMAKOVICH v. RUSSIA,dolphin-mixtral:8x7b,Lenient,0.688,0.172,0.275,22,10,106,128,32
YERMAKOVICH v. RUSSIA,dolphin-mixtral:8x7b,Strict,0.344,0.086,0.138,11,21,117,128,32
YEVGENIY ZAKHAROV v. RUSSIA,gemma3:1b,Lenient,0.417,0.156,0.227,10,14,54,64,24
YEVGENIY ZAKHAROV v. RUSSIA,gemma3:1b,Strict,0.250,0.094,0.136,6,18,58,64,24
YEVGENIY ZAKHAROV v. RUSSIA,gemma3:4b,Lenient,0.556,0.312,0.400,20,16,44,64,36
YEVGENIY ZAKHAROV v. RUSSIA,gemma3:4b,Strict,0.306,0.172,0.220,11,25,53,64,36
YEVGENIY ZAKHAROV v. RUSSIA,gemma3:12b,Lenient,0.565,0.203,0.299,13,10,51,64,23
YEVGENIY ZAKHAROV v. RUSSIA,gemma3:12b,Strict,0.348,0.125,0.184,8,15,56,64,23
YEVGENIY ZAKHAROV v. RUSSIA,llama3.3:latest,Lenient,0.703,0.406,0.515,26,11,38,64,37
YEVGENIY ZAKHAROV v. RUSSIA,llama3.3:latest,Strict,0.297,0.172,0.218,11,26,53,64,37
YEVGENIY ZAKHAROV v. RUSSIA,deepseek-r1:8b,Lenient,0.480,0.188,0.270,12,13,52,64,25
YEVGENIY ZAKHAROV v. RUSSIA,deepseek-r1:8b,Strict,0.160,0.062,0.090,4,21,60,64,25
YEVGENIY ZAKHAROV v. RUSSIA,mistral:latest,Lenient,0.195,0.344,0.249,22,91,42,64,113
YEVGENIY ZAKHAROV v. RUSSIA,mistral:latest,Strict,0.142,0.250,0.181,16,97,48,64,113
YEVGENIY ZAKHAROV v. RUSSIA,incept5/llama3.1-claude:latest,Lenient,0.291,0.391,0.333,25,61,39,64,86
YEVGENIY ZAKHAROV v. RUSSIA,incept5/llama3.1-claude:latest,Strict,0.221,0.297,0.253,19,67,45,64,86
YEVGENIY ZAKHAROV v. RUSSIA,chevalblanc/claude-3-haiku:latest,Lenient,0.619,0.203,0.306,13,8,51,64,21
YEVGENIY ZAKHAROV v. RUSSIA,chevalblanc/claude-3-haiku:latest,Strict,0.238,0.078,0.118,5,16,59,64,21
YEVGENIY ZAKHAROV v. RUSSIA,llama4:16x17b,Lenient,0.000,0.000,0.000,0,0,64,64,0
YEVGENIY ZAKHAROV v. RUSSIA,llama4:16x17b,Strict,0.000,0.000,0.000,0,0,64,64,0
YEVGENIY ZAKHAROV v. RUSSIA,mixtral:8x7b,Lenient,0.222,0.031,0.055,2,7,62,64,9
YEVGENIY ZAKHAROV v. RUSSIA,mixtral:8x7b,Strict,0.111,0.016,0.027,1,8,63,64,9
YEVGENIY ZAKHAROV v. RUSSIA,dolphin3:8b,Lenient,0.286,0.031,0.056,2,5,62,64,7
YEVGENIY ZAKHAROV v. RUSSIA,dolphin3:8b,Strict,0.143,0.016,0.028,1,6,63,64,7
YEVGENIY ZAKHAROV v. RUSSIA,dolphin-mixtral:8x7b,Lenient,0.000,0.000,0.000,0,0,64,64,0
YEVGENIY ZAKHAROV v. RUSSIA,dolphin-mixtral:8x7b,Strict,0.000,0.000,0.000,0,0,64,64,0
_NODI v. HUNGARY,gemma3:1b,Lenient,0.463,0.154,0.232,19,22,104,123,41
_NODI v. HUNGARY,gemma3:1b,Strict,0.390,0.130,0.195,16,25,107,123,41
_NODI v. HUNGARY,gemma3:4b,Lenient,0.324,0.187,0.237,23,48,100,123,71
_NODI v. HUNGARY,gemma3:4b,Strict,0.141,0.081,0.103,10,61,113,123,71
_NODI v. HUNGARY,gemma3:12b,Lenient,0.471,0.325,0.385,40,45,83,123,85
_NODI v. HUNGARY,gemma3:12b,Strict,0.294,0.203,0.240,25,60,98,123,85
_NODI v. HUNGARY,llama3.3:latest,Lenient,0.533,0.398,0.456,49,43,74,123,92
_NODI v. HUNGARY,llama3.3:latest,Strict,0.283,0.211,0.242,26,66,97,123,92
_NODI v. HUNGARY,deepseek-r1:8b,Lenient,0.511,0.366,0.427,45,43,78,123,88
_NODI v. HUNGARY,deepseek-r1:8b,Strict,0.216,0.154,0.180,19,69,104,123,88
_NODI v. HUNGARY,mistral:latest,Lenient,0.420,0.341,0.377,42,58,81,123,100
_NODI v. HUNGARY,mistral:latest,Strict,0.300,0.244,0.269,30,70,93,123,100
_NODI v. HUNGARY,incept5/llama3.1-claude:latest,Lenient,0.500,0.179,0.263,22,22,101,123,44
_NODI v. HUNGARY,incept5/llama3.1-claude:latest,Strict,0.318,0.114,0.168,14,30,109,123,44
_NODI v. HUNGARY,chevalblanc/claude-3-haiku:latest,Lenient,0.400,0.033,0.060,4,6,119,123,10
_NODI v. HUNGARY,chevalblanc/claude-3-haiku:latest,Strict,0.100,0.008,0.015,1,9,122,123,10
_NODI v. HUNGARY,llama4:16x17b,Lenient,0.667,0.016,0.032,2,1,121,123,3
_NODI v. HUNGARY,llama4:16x17b,Strict,0.333,0.008,0.016,1,2,122,123,3
_NODI v. HUNGARY,mixtral:8x7b,Lenient,0.333,0.024,0.045,3,6,120,123,9
_NODI v. HUNGARY,mixtral:8x7b,Strict,0.111,0.008,0.015,1,8,122,123,9
_NODI v. HUNGARY,dolphin3:8b,Lenient,0.600,0.146,0.235,18,12,105,123,30
_NODI v. HUNGARY,dolphin3:8b,Strict,0.400,0.098,0.157,12,18,111,123,30
_NODI v. HUNGARY,dolphin-mixtral:8x7b,Lenient,0.618,0.171,0.268,21,13,102,123,34
_NODI v. HUNGARY,dolphin-mixtral:8x7b,Strict,0.294,0.081,0.127,10,24,113,123,34
